Fecha,IPC_Nivel,TPM_Porcentaje,TBP_Porcentaje,TAN_Porcentaje,Credito_Sistema_Financiero,IHH,Morosidad_%,IHH_Lag3,IHH_Lag6,Morosidad_Lag3,Morosidad_Lag6,Credito_Lag3
2010-11-30,77.62394066,6.5,7.0,18.98,8433025.44852801,1069.5164949790396,10.153007445528699,1078.108442045776,2102.422961986325,10.173886853946271,10.924976752237578,8130605.35447771
2010-12-31,78.20005375,6.5,8.0,18.97,8569671.41924431,1083.7509237648374,10.010456500747935,1079.8582480007785,1054.298808227639,9.933204645494616,10.690280917092627,8209246.91663092
2011-01-31,78.72906211,6.5,7.75,18.78,8499439.23280164,1111.3289733157533,9.742635151504295,1071.5337702685704,1077.8468832856188,9.685101245961656,10.200964280082015,8340285.73032904
2011-02-28,79.07236732,6.5,7.5,18.75,8545132.78514902,1095.0645565798977,9.461670815794108,1069.5164949790396,1078.108442045776,10.153007445528699,10.173886853946271,8433025.44852801
2011-03-31,79.27151793,6.5,7.5,18.62,8626491.95750327,1102.1234345909113,9.581486842295527,1083.7509237648374,1079.8582480007785,10.010456500747935,9.933204645494616,8569671.41924431
2011-04-30,79.39388863,6.5,7.0,17.68,8684178.26394805,1101.2053748404173,9.770193415495058,1111.3289733157533,1071.5337702685704,9.742635151504295,9.685101245961656,8499439.23280164
2011-05-31,79.92770624,6.5,7.25,17.62,8802885.84169161,1093.2463284279306,9.936079360122243,1095.0645565798977,1069.5164949790396,9.461670815794108,10.153007445528699,8545132.78514902
2011-06-30,80.37477639,5.0,7.25,17.8,8906009.48041463,1086.9488414739856,9.929577917526885,1102.1234345909113,1083.7509237648374,9.581486842295527,10.010456500747935,8626491.95750327
2011-07-31,80.64548028,5.0,7.25,17.65,9041314.01935983,1086.0873297405599,9.67912645515459,1101.2053748404173,1111.3289733157533,9.770193415495058,9.742635151504295,8684178.26394805
2011-08-31,80.85236513,5.0,7.25,17.84,9197152.18078423,1086.4524351172292,9.752304257087358,1093.2463284279306,1095.0645565798977,9.936079360122243,9.461670815794108,8802885.84169161
2011-09-30,80.72600411,5.0,7.75,17.91,9356327.57211234,1092.7073434578197,9.820724770928898,1086.9488414739856,1102.1234345909113,9.929577917526885,9.581486842295527,8906009.48041463
2011-10-31,80.91713243,5.0,8.0,17.86,9496315.08828697,1092.2595780274696,9.423004057321558,1086.0873297405599,1101.2053748404173,9.67912645515459,9.770193415495058,9041314.01935983
2011-11-30,81.16004779,5.0,8.0,17.79,9601408.91589881,1096.4472145387726,9.379203602814828,1086.4524351172292,1093.2463284279306,9.752304257087358,9.936079360122243,9197152.18078423
2011-12-31,81.90341174,5.0,8.0,17.88,9687953.85234099,1098.0715407838686,9.171931652740021,1092.7073434578197,1086.9488414739856,9.820724770928898,9.929577917526885,9356327.57211234
2012-01-31,82.04658975,5.0,8.75,18.25,9711931.10148251,1103.5050324720498,9.126196461793825,1092.2595780274696,1086.0873297405599,9.423004057321558,9.67912645515459,9496315.08828697
2012-02-29,82.27743102,5.0,9.0,18.68,9821759.40025675,1107.1990462968643,8.864792259081453,1096.4472145387726,1086.4524351172292,9.379203602814828,9.752304257087358,9601408.91589881
2012-03-31,82.60731132,5.0,9.25,18.77,9938450.25381363,1095.337345046827,8.763156581458588,1098.0715407838686,1092.7073434578197,9.171931652740021,9.820724770928898,9687953.85234099
2012-04-30,83.13127394,5.0,9.5,19.18,10002922.8094165,1092.85370147221,8.94174432940823,1103.5050324720498,1092.2595780274696,9.126196461793825,9.423004057321558,9711931.10148251
2012-05-31,83.95230348,5.0,10.0,19.7,10085587.6711689,1087.6055837048798,8.535907492077337,1107.1990462968643,1096.4472145387726,8.864792259081453,9.379203602814828,9821759.40025675
2012-06-30,84.08400002,5.0,9.75,19.59,10178484.6496223,1091.0043736664275,8.530482182685216,1095.337345046827,1098.0715407838686,8.763156581458588,9.171931652740021,9938450.25381363
2012-07-31,83.82988454,5.0,10.25,19.94,10301080.9220688,1086.3701377081638,8.54830579054147,1092.85370147221,1103.5050324720498,8.94174432940823,9.126196461793825,10002922.8094165
2012-08-31,84.27312287,5.0,10.5,20.17,10420035.158213,1080.3209260621852,8.576427936387827,1087.6055837048798,1107.1990462968643,8.535907492077337,8.864792259081453,10085587.6711689
2012-09-30,84.33147392,5.0,10.5,20.42,10512038.148269,1079.6756899747168,8.614356320832231,1091.0043736664275,1095.337345046827,8.530482182685216,8.763156581458588,10178484.6496223
2012-10-31,84.70730963,5.0,10.25,20.68,10635943.8659697,1077.1663219428885,8.339767271859024,1086.3701377081638,1092.85370147221,8.54830579054147,8.94174432940823,10301080.9220688
2012-11-30,85.39365319,5.0,9.5,20.68831001,10786084.4393122,1070.0821758930283,8.340953326955285,1080.3209260621852,1087.6055837048798,8.576427936387827,8.535907492077337,10420035.158213
2012-12-31,85.63045146,5.0,9.2,20.4777929,11046826.9216767,1073.481558330286,8.64217076026335,1079.6756899747168,1091.0043736664275,8.614356320832231,8.530482182685216,10512038.148269
2013-01-31,86.75335864,5.0,8.3,20.14050268,11039056.0218797,1074.2712590674694,8.601709914235185,1077.1663219428885,1086.3701377081638,8.339767271859024,8.54830579054147,10635943.8659697
2013-02-28,87.63845178,5.0,7.35,19.15009624,11077684.5011369,1078.1404019580227,8.4163043671327,1070.0821758930283,1080.3209260621852,8.340953326955285,8.576427936387827,10786084.4393122
2013-03-31,87.73381988,5.0,6.95,18.77889747,11124545.0904824,1074.3543333076989,8.86320382653263,1073.481558330286,1079.6756899747168,8.64217076026335,8.614356320832231,11046826.9216767
2013-04-30,88.37458721,5.0,6.75,17.38964657,11197302.8301646,1073.2418995533476,8.765948149641348,1074.2712590674694,1077.1663219428885,8.601709914235185,8.339767271859024,11039056.0218797
2013-05-31,88.38837415,5.0,6.65,16.78657844,11297149.2842246,1070.0890954980193,8.816264810314442,1078.1404019580227,1070.0821758930283,8.4163043671327,8.340953326955285,11077684.5011369
2013-06-30,88.40415487,4.0,6.6,16.86486384,11385334.4779995,1074.1034587133645,8.968247852576324,1074.3543333076989,1073.481558330286,8.86320382653263,8.64217076026335,11124545.0904824
2013-07-31,88.70388504,4.0,6.55,16.69908058,11521098.5329215,1073.315283022695,8.847876107565526,1073.2418995533476,1074.2712590674694,8.765948149641348,8.601709914235185,11197302.8301646
2013-08-31,88.74549795,4.0,6.55,15.73571151,11673149.8113802,1076.6602925056409,8.9744501528808,1070.0890954980193,1078.1404019580227,8.816264810314442,8.4163043671327,11297149.2842246
2013-09-30,88.86162454,4.0,6.55,15.884895,11800187.9022317,1080.6978936662974,8.660744337163631,1074.1034587133645,1074.3543333076989,8.968247852576324,8.86320382653263,11385334.4779995
2013-10-31,88.18552723,4.0,6.55,16.10128289,11982586.3141607,1087.1380273579618,8.399805129075123,1073.315283022695,1073.2418995533476,8.847876107565526,8.765948149641348,11521098.5329215
2013-11-30,88.33387713,4.0,6.55,16.10924538,12192209.6158895,1086.2362505325445,8.668537630088865,1076.6602925056409,1070.0890954980193,8.9744501528808,8.816264810314442,11673149.8113802
2013-12-31,88.78125875,3.75,6.5,16.14115096,12406791.8735725,1087.7482153361984,8.36893673937796,1080.6978936662974,1074.1034587133645,8.660744337163631,8.968247852576324,11800187.9022317
2014-01-31,89.44621159,3.75,6.55,16.45067377,12573754.6442992,1087.4573313341307,8.375332532749463,1087.1380273579618,1073.315283022695,8.399805129075123,8.847876107565526,11982586.3141607
2014-02-28,90.03944972,3.75,6.5,16.34263094,13052192.5455587,1085.9291045387804,8.098955650292902,1086.2362505325445,1076.6602925056409,8.668537630088865,8.9744501528808,12192209.6158895
2014-03-31,90.5932307,4.75,6.6,16.6508855,13248661.7035652,1079.5644386023548,8.091113164502191,1087.7482153361984,1080.6978936662974,8.36893673937796,8.660744337163631,12406791.8735725
2014-04-30,91.62614703,4.75,6.7,16.92029428,13418596.9591021,1075.227160720298,8.296332109929486,1087.4573313341307,1087.1380273579618,8.375332532749463,8.399805129075123,12573754.6442992
2014-05-31,92.10978884,5.25,6.85,16.66765293,13591224.334315,1067.3587804183442,8.19307790973332,1085.9291045387804,1086.2362505325445,8.098955650292902,8.668537630088865,13052192.5455587
2014-06-30,92.46114068,5.25,6.95,16.6276056,13648811.8860616,1060.3534022509562,8.152110088969094,1079.5644386023548,1087.7482153361984,8.091113164502191,8.36893673937796,13248661.7035652
2014-07-31,93.30406865,5.25,7.0,16.66514214,13799702.0459234,1060.2822363014623,7.950061874636578,1075.227160720298,1087.4573313341307,8.296332109929486,8.375332532749463,13418596.9591021
2014-08-31,93.6138515,5.25,7.1,16.26846962,13951366.9009658,1055.3226045211757,7.949421200964381,1067.3587804183442,1085.9291045387804,8.19307790973332,8.098955650292902,13591224.334315
2014-09-30,93.4850984,5.25,7.15,16.671587,14012150.131509,1048.463640548475,7.822688304415975,1060.3534022509562,1079.5644386023548,8.152110088969094,8.091113164502191,13648811.8860616
2014-10-31,93.21436857,5.25,7.2,16.57921961,14194689.9866339,1042.985645021598,7.742826341581899,1060.2822363014623,1075.227160720298,7.950061874636578,8.296332109929486,13799702.0459234
2014-11-30,93.53338269,5.25,7.2,16.49963364,14409102.1767157,1039.4430084404928,7.7030295180923165,1055.3226045211757,1067.3587804183442,7.949421200964381,8.19307790973332,13951366.9009658
2014-12-31,93.33323837,5.25,7.2,17.00963906,14585057.881653,1034.5688826775192,7.861546721519769,1048.463640548475,1060.3534022509562,7.822688304415975,8.152110088969094,14012150.131509
2015-01-31,93.36925676,5.25,7.2,16.77849441,14606933.6981184,1033.4563210568472,8.058376673204858,1042.985645021598,1060.2822363014623,7.742826341581899,7.950061874636578,14194689.9866339
2015-02-28,93.21522756,4.75,7.15,16.74031511,14674538.6946499,1024.8393161533497,8.164468256622442,1039.4430084404928,1055.3226045211757,7.7030295180923165,7.949421200964381,14409102.1767157
2015-03-31,93.35298491,4.5,7.1,16.28604307,14814446.4436585,1021.6896031270352,8.100650736678352,1034.5688826775192,1048.463640548475,7.861546721519769,7.822688304415975,14585057.881653
2015-04-30,93.28004433,4.0,7.1,16.06278426,14913692.7493879,1015.9562701528047,7.88545007960066,1033.4563210568472,1042.985645021598,8.058376673204858,7.742826341581899,14606933.6981184
2015-05-31,93.00555951,3.75,6.9,15.85511524,15075624.3984943,1014.1708691481207,7.855207805928721,1024.8393161533497,1039.4430084404928,8.164468256622442,7.7030295180923165,14674538.6946499
2015-06-30,93.40471371,3.5,6.8,15.97100875,15208117.8390156,1012.4708773148409,7.899948278445184,1021.6896031270352,1034.5688826775192,8.100650736678352,7.861546721519769,14814446.4436585
2015-07-31,93.00390934,3.0,6.75,15.97169276,15385185.520097,1008.3895455629633,7.817453977134253,1015.9562701528047,1033.4563210568472,7.88545007960066,8.058376673204858,14913692.7493879
2015-08-31,92.92271414,3.0,6.55,15.9251407,15536573.0414239,1004.467010044506,8.159125674811447,1014.1708691481207,1024.8393161533497,7.855207805928721,8.164468256622442,15075624.3984943
2015-09-30,92.67720735,3.0,6.55,15.77762947,15721915.250705,1000.7989458631474,8.064156370989291,1012.4708773148409,1021.6896031270352,7.899948278445184,8.100650736678352,15208117.8390156
2015-10-31,92.41604093,2.25,6.25,15.73662883,15913225.7320749,998.0976078302514,8.232925786864186,1008.3895455629633,1015.9562701528047,7.817453977134253,7.88545007960066,15385185.520097
2015-11-30,92.40745245,2.25,6.0,15.26309746,16092526.7898775,994.7066482311856,8.116003366937626,1004.467010044506,1014.1708691481207,8.159125674811447,7.855207805928721,15536573.0414239
2015-12-31,92.57949656,2.25,5.95,15.46072571,16318187.1215069,998.2222210802901,7.942582340279948,1000.7989458631474,1012.4708773148409,8.064156370989291,7.899948278445184,15721915.250705
2016-01-31,93.2080079,1.75,5.95,15.62900239,16402089.496239,993.0393595962233,8.080474445794334,998.0976078302514,1008.3895455629633,8.232925786864186,7.817453977134253,15913225.7320749
2016-02-29,93.18508438,1.75,5.7,15.33902373,16454213.6833624,990.3071522705827,7.965490847155482,994.7066482311856,1004.467010044506,8.116003366937626,8.159125674811447,16092526.7898775
2016-03-31,92.33908505,1.75,5.7,15.44650947,16567568.1986223,988.2760237223366,8.022626016939748,998.2222210802901,1000.7989458631474,7.942582340279948,8.064156370989291,16318187.1215069
2016-04-30,92.42368042,1.75,5.55,14.8865336,16693708.225894,984.3982441359525,8.222178405998152,993.0393595962233,998.0976078302514,8.080474445794334,8.232925786864186,16402089.496239
2016-05-31,92.603103,1.75,5.4,14.27648589,16914113.735678,984.4947480778924,8.255998837140039,990.3071522705827,994.7066482311856,7.965490847155482,8.116003366937626,16454213.6833624
2016-06-30,92.58425206,1.75,5.25,14.24659229,17231368.5143777,984.1345416676481,8.335903863153856,988.2760237223366,998.2222210802901,8.022626016939748,7.942582340279948,16567568.1986223
2016-07-31,93.44616814,1.75,5.2,14.26531771,17381241.2322683,982.4482105761896,8.260316183747854,984.3982441359525,993.0393595962233,8.222178405998152,8.080474445794334,16693708.225894
2016-08-31,93.4764097,1.75,5.0,14.18266888,17570451.9860035,977.8696797238083,8.385278817205307,984.4947480778924,990.3071522705827,8.255998837140039,7.965490847155482,16914113.735678
2016-09-30,93.03471405,1.75,4.7,14.12798334,17803289.925417,978.1457356814107,8.163196230427515,984.1345416676481,988.2760237223366,8.335903863153856,8.022626016939748,17231368.5143777
2016-10-31,92.92599356,1.75,4.65,14.48176242,17984066.3116681,975.2442834961522,8.15794743529836,982.4482105761896,984.3982441359525,8.260316183747854,8.222178405998152,17381241.2322683
2016-11-30,92.92527825,1.75,4.6,14.25039071,18208079.9315135,975.9851456883835,8.111585165364897,977.8696797238083,984.4947480778924,8.385278817205307,8.255998837140039,17570451.9860035
2016-12-31,93.28790662,1.75,4.45,14.25108629,18403519.2061113,982.6735684457982,7.7529804104862485,978.1457356814107,984.1345416676481,8.163196230427515,8.335903863153856,17803289.925417
2017-01-31,93.81918636,1.75,4.55,14.24705502,18477382.0013763,983.5170213436353,7.949197024989593,975.2442834961522,982.4482105761896,8.15794743529836,8.260316183747854,17984066.3116681
2017-02-28,94.19657621,1.75,4.6,14.33715211,18635352.6008029,981.5115376809385,7.864816909948272,975.9851456883835,977.8696797238083,8.111585165364897,8.385278817205307,18208079.9315135
2017-03-31,93.79957582,1.75,4.5,14.09935246,18783890.3805516,981.7774889163759,7.8221072117174,982.6735684457982,978.1457356814107,7.7529804104862485,8.163196230427515,18403519.2061113
2017-04-30,93.94299154,2.5,4.6,14.18579848,18966391.0324567,979.6781537525234,8.035103755055664,983.5170213436353,975.2442834961522,7.949197024989593,8.15794743529836,18477382.0013763
2017-05-31,94.15064897,4.0,4.55,14.14639311,19176254.2210129,981.5100692630892,8.336115933464452,981.5115376809385,975.9851456883835,7.864816909948272,8.111585165364897,18635352.6008029
2017-06-30,94.22699022,4.5,5.7,14.74281159,19383043.1359666,990.2025817398323,7.956670237749138,981.7774889163759,982.6735684457982,7.8221072117174,7.7529804104862485,18783890.3805516
2017-07-31,94.53304812,4.5,5.95,15.29818044,19450226.6355864,1004.4098633598338,8.123485562832077,979.6781537525234,983.5170213436353,8.035103755055664,7.949197024989593,18966391.0324567
2017-08-31,94.32652354,4.5,5.95,14.75859025,19615826.5773565,1005.7462962425496,8.34294026043801,981.5100692630892,981.5115376809385,8.336115933464452,7.864816909948272,19176254.2210129
2017-09-30,94.56160003,4.5,5.85,14.75724746,19634118.1936092,1004.628134408603,8.173010679504534,990.2025817398323,981.7774889163759,7.956670237749138,7.8221072117174,19383043.1359666
2017-10-31,95.08692398,4.5,5.9,14.82487481,19677343.9865717,1002.5183708902188,8.336704570613723,1004.4098633598338,979.6781537525234,8.123485562832077,8.035103755055664,19450226.6355864
2017-11-30,95.24034131,4.75,5.9,14.84730493,19819618.0898678,1000.553839930977,8.398448416934851,1005.7462962425496,981.5100692630892,8.34294026043801,8.336115933464452,19615826.5773565
2017-12-31,95.68923991,4.75,5.95,14.86897454,19956012.8638832,1003.6573774008798,8.375890155680995,1004.628134408603,990.2025817398323,8.173010679504534,7.956670237749138,19634118.1936092
2018-01-31,96.07818835,4.75,6.1,14.40029242,19969333.168715,1000.7140742376184,8.542026433189932,1002.5183708902188,1004.4098633598338,8.336704570613723,8.123485562832077,19677343.9865717
2018-02-28,96.2806643,5.0,6.0,17.00466405,19980565.0402855,997.4698353321104,8.519529944867445,1000.553839930977,1005.7462962425496,8.398448416934851,8.34294026043801,19819618.0898678
2018-03-31,96.25052843,5.0,6.0,14.77664079,19940339.4545064,997.0549893870094,8.517503504272803,1003.6573774008798,1004.628134408603,8.375890155680995,8.173010679504534,19956012.8638832
2018-05-31,96.06746497,5.0,5.95,15.0862301,20053315.3703202,986.5372570349024,8.812096476267973,1000.7140742376184,1002.5183708902188,8.542026433189932,8.336704570613723,19969333.168715
2018-06-30,96.2379182,5.0,5.95,13.81655592,20120408.4502129,984.1316228728871,8.819722962623056,997.4698353321104,1000.553839930977,8.519529944867445,8.398448416934851,19980565.0402855
2018-07-31,96.50343843,5.0,6.0,13.75655396,20229377.6736491,991.3238443558168,8.91523641945479,997.0549893870094,1003.6573774008798,8.517503504272803,8.375890155680995,19940339.4545064
2018-08-31,96.43975477,5.0,5.95,14.35880888,20385263.745623,991.3489172608599,9.00819048813252,986.5372570349024,1000.7140742376184,8.812096476267973,8.542026433189932,20053315.3703202
2018-09-30,96.65306891,5.0,5.9,13.46630345,20666030.3435468,984.652477462085,9.116079019359303,984.1316228728871,997.4698353321104,8.819722962623056,8.519529944867445,20120408.4502129
2018-10-31,97.01424123,5.0,5.8,13.71653195,21091530.073319,987.2032538131477,9.0668279307459,991.3238443558168,997.0549893870094,8.91523641945479,8.517503504272803,20229377.6736491
2018-11-30,97.42364332,5.25,5.85,14.07118624,21112272.8962136,992.7503684627283,9.537521390196671,991.3489172608599,986.5372570349024,9.00819048813252,8.812096476267973,20385263.745623
2018-12-31,97.62911165,5.25,6.0,12.90866539,21194434.2900899,991.0180578048787,9.268953973740066,984.652477462085,984.1316228728871,9.116079019359303,8.819722962623056,20666030.3435468
2019-01-31,97.67921187,5.25,6.25,13.65357628,21171660.9120191,988.605181464059,9.464815651566644,987.2032538131477,991.3238443558168,9.0668279307459,8.91523641945479,21091530.073319
2019-02-28,97.75903179,5.25,6.25,13.71472384,21083835.4570442,987.4097060166712,9.484802338761314,992.7503684627283,991.3489172608599,9.537521390196671,9.00819048813252,21112272.8962136
2019-03-31,97.61741802,5.0,6.2,13.26843198,20973441.9330043,985.0379448584747,9.645204709319813,991.0180578048787,984.652477462085,9.268953973740066,9.116079019359303,21194434.2900899
2019-04-30,98.1654243,5.0,6.15,13.56058622,20929777.0903905,983.7379505412649,10.129408898094402,988.605181464059,987.2032538131477,9.464815651566644,9.0668279307459,21171660.9120191
2019-05-31,98.29805549,4.75,6.3,14.19184065,20796024.9158278,984.2329787753455,10.381236691908656,987.4097060166712,992.7503684627283,9.484802338761314,9.537521390196671,21083835.4570442
2019-06-30,98.56819519,4.5,6.55,13.29498297,20700592.3926454,981.3820570968996,10.506055696478963,985.0379448584747,991.0180578048787,9.645204709319813,9.268953973740066,20973441.9330043
2019-07-31,99.29164281,4.0,6.1,13.63801173,20458445.2363243,976.0890166005455,10.723512346610862,983.7379505412649,988.605181464059,10.129408898094402,9.464815651566644,20929777.0903905
2019-08-31,99.19389058,4.0,5.85,12.99591665,20506375.4555698,973.0402952588388,8.57211536915919,984.2329787753455,987.4097060166712,10.381236691908656,9.484802338761314,20796024.9158278
2019-09-30,99.09749405,3.75,5.7,12.07802007,20654718.6512218,971.5685395367365,8.531515136006464,981.3820570968996,985.0379448584747,10.506055696478963,9.645204709319813,20700592.3926454
2019-10-31,99.02479793,3.25,5.65,12.36245733,20791147.0564599,970.0043726416119,8.392396496429894,976.0890166005455,983.7379505412649,10.723512346610862,10.129408898094402,20458445.2363243
2019-11-30,99.23168932,3.25,5.65,12.62184008,20563158.6226999,969.7602871299703,8.591183783417485,973.0402952588388,984.2329787753455,8.57211536915919,10.381236691908656,20506375.4555698
2019-12-31,99.11544567,2.75,5.75,11.11889791,20706226.9976942,970.8084139879819,8.447308836838058,971.5685395367365,981.3820570968996,8.531515136006464,10.506055696478963,20654718.6512218
2020-01-31,99.2252436,2.25,5.75,14.11059088,20693605.1138134,967.9641518609131,8.52169272828639,970.0043726416119,976.0890166005455,8.392396496429894,10.723512346610862,20791147.0564599
2020-02-29,99.50899301,2.25,4.8,13.67025751,20659403.4670496,961.9741098470178,8.110083981956407,969.7602871299703,973.0402952588388,8.591183783417485,8.57211536915919,20563158.6226999
2020-03-31,99.47891246,1.25,4.15,11.42807196,20918930.300701,959.1329338691031,8.136444539985199,970.8084139879819,971.5685395367365,8.447308836838058,8.531515136006464,20706226.9976942
2020-04-30,99.04023787,1.25,3.9,10.36435343,20670369.1364041,961.0417586045129,8.045646908704493,967.9641518609131,970.0043726416119,8.52169272828639,8.392396496429894,20693605.1138134
2020-05-31,98.8964457,1.25,3.85,11.32696272,20722863.1139264,960.9201844550508,8.028847880285744,961.9741098470178,969.7602871299703,8.110083981956407,8.591183783417485,20659403.4670496
2020-06-30,98.87534831,0.75,3.95,12.17936205,20779526.4354299,958.129159397552,8.148098579969075,959.1329338691031,970.8084139879819,8.136444539985199,8.447308836838058,20918930.300701
2020-07-31,99.12769234,0.75,3.7,10.00594094,20809795.9175041,955.6593459481022,8.23325763920385,961.0417586045129,967.9641518609131,8.045646908704493,8.52169272828639,20670369.1364041
2020-08-31,99.12368658,0.75,3.65,10.14562704,20907050.8883706,962.2555052841977,8.425185851364759,960.9201844550508,961.9741098470178,8.028847880285744,8.110083981956407,20722863.1139264
2020-09-30,99.39375881,0.75,3.45,9.16220966,21060272.6841303,961.671623581017,8.77557112855749,958.129159397552,959.1329338691031,8.148098579969075,8.136444539985199,20779526.4354299
2020-10-31,99.47284192,0.75,3.35,9.66434215,21169372.6943264,960.7781943498535,9.011378309074592,955.6593459481022,961.0417586045129,8.23325763920385,8.045646908704493,20809795.9175041
2020-11-30,99.47432356,0.75,3.4,9.52831481,21167635.5539409,960.7615761504849,8.889354802580957,962.2555052841977,960.9201844550508,8.425185851364759,8.028847880285744,20907050.8883706
2020-12-31,100.0,0.75,3.5,9.27545973,21294574.864031,962.2574819136909,8.95206796528455,961.671623581017,958.129159397552,8.77557112855749,8.148098579969075,21060272.6841303
2021-01-31,100.17693626,0.75,3.55,9.50417015,21230809.9164002,962.5171274384676,9.466381872906592,960.7781943498535,955.6593459481022,9.011378309074592,8.23325763920385,21169372.6943264
2021-02-28,99.92124453,0.75,3.45,10.53049636,21225484.0462737,960.9593119800849,9.317433706711986,960.7615761504849,962.2555052841977,8.889354802580957,8.425185851364759,21167635.5539409
2021-03-31,99.94918118,0.75,3.4,9.58540768,21266421.6134139,961.2296756864678,9.75346327845638,962.2574819136909,961.671623581017,8.95206796528455,8.77557112855749,21294574.864031
2021-04-30,100.23846188,0.75,3.3,10.37135914,21325889.3461495,959.9729851441457,10.15433020957322,962.5171274384676,960.7781943498535,9.466381872906592,9.011378309074592,21230809.9164002
2021-05-31,100.22344407,0.75,3.2,9.08045737,21334762.1159656,959.0917506696115,10.153500291900874,960.9593119800849,960.7615761504849,9.317433706711986,8.889354802580957,21225484.0462737
2021-06-30,100.76192321,0.75,3.2,8.83909395,21355617.4086756,959.4078352293736,10.469966607708308,961.2296756864678,962.2574819136909,9.75346327845638,8.95206796528455,21266421.6134139
2021-07-31,100.55491276,0.75,3.2,9.87867181,21393976.1592027,958.9769441921447,10.445966079968773,959.9729851441457,962.5171274384676,10.15433020957322,9.466381872906592,21325889.3461495
2021-08-31,100.83323018,0.75,3.0,9.90212293,21487994.4521198,964.1328690493021,10.579505208372519,959.0917506696115,960.9593119800849,10.153500291900874,9.317433706711986,21334762.1159656
2021-09-30,101.46746807,0.75,2.9,9.58020507,21573435.9891491,966.6058389149462,10.431280654755016,959.4078352293736,961.2296756864678,10.469966607708308,9.75346327845638,21355617.4086756
2021-10-31,101.96356227,0.75,2.8,8.99926627,21859497.0690284,969.6834938232357,10.351158828316938,958.9769441921447,959.9729851441457,10.445966079968773,10.15433020957322,21393976.1592027
2021-11-30,102.80237964,0.75,2.9,9.35801519,21872420.872411,972.5815874743188,10.39821445567306,964.1328690493021,959.0917506696115,10.579505208372519,10.153500291900874,21487994.4521198
2021-12-31,103.29890791,1.25,2.9,8.27188719,22118800.2899998,981.7359501536828,10.183200096668868,966.6058389149462,959.4078352293736,10.431280654755016,10.469966607708308,21573435.9891491
2022-01-31,103.68120989,1.75,3.05,9.5263744,22173619.3257965,983.5262902645084,10.122665577559388,969.6834938232357,958.9769441921447,10.351158828316938,10.445966079968773,21859497.0690284
2022-02-28,104.81470219,1.75,3.05,9.54087233,22254010.106304,984.2717087751162,10.066102902972982,972.5815874743188,964.1328690493021,10.39821445567306,10.579505208372519,21872420.872411
2022-03-31,105.73941222,2.5,2.95,9.44131967,22551921.8168791,983.7260751756029,10.073680449422415,981.7359501536828,966.6058389149462,10.183200096668868,10.431280654755016,22118800.2899998
2022-04-30,107.40707737,4.0,2.9,9.78696342,22707113.9207763,985.6274804523521,10.146809419647429,983.5262902645084,969.6834938232357,10.122665577559388,10.351158828316938,22173619.3257965
2022-05-31,108.95706261,4.0,3.12,9.89751122,23040053.3305742,986.3341704915022,10.109043072113975,984.2717087751162,972.5815874743188,10.066102902972982,10.39821445567306,22254010.106304
2022-06-30,110.89414488,5.5,3.86,9.4617133,23248740.0060464,989.138622793343,9.936307308840327,983.7260751756029,981.7359501536828,10.073680449422415,10.183200096668868,22551921.8168791
2022-07-31,112.09870001,7.5,4.58,11.30785309,23111813.8992673,987.6891571808873,9.7657353330698,985.6274804523521,983.5262902645084,10.146809419647429,10.122665577559388,22707113.9207763
2022-08-31,113.06276989,7.5,5.37,11.69088186,22942965.0647751,985.0756340194147,9.60551037391776,986.3341704915022,984.2717087751162,10.109043072113975,10.066102902972982,23040053.3305742
2022-09-30,111.9847259,8.5,5.85,11.49599812,22788841.6637368,985.9988626955169,9.528820193476397,989.138622793343,983.7260751756029,9.936307308840327,10.073680449422415,23248740.0060464
2022-10-31,111.13151259,9.0,6.02,12.64000717,22841318.5913994,988.041352181518,9.270608076945939,987.6891571808873,985.6274804523521,9.7657353330698,10.146809419647429,23111813.8992673
2022-11-30,111.28875462,9.0,6.24,13.30031734,22789758.0807364,990.2982818607768,9.164657444195258,985.0756340194147,986.3341704915022,9.60551037391776,10.109043072113975,22942965.0647751
2022-12-31,111.43592172,9.0,6.35,12.42768769,22868090.0740648,995.3955883264828,9.06715863659774,985.9988626955169,989.138622793343,9.528820193476397,9.936307308840327,22788841.6637368
2023-01-31,111.61473726,9.0,6.52,13.72643607,22208216.2472682,998.8966515518497,8.19165695530422,988.041352181518,987.6891571808873,9.270608076945939,9.7657353330698,22841318.5913994
2023-02-28,110.6631643,9.0,6.69,13.19279476,22331600.1292568,1000.7843177375338,8.110117960491825,990.2982818607768,985.0756340194147,9.164657444195258,9.60551037391776,22789758.0807364
2023-03-31,110.41034163,8.5,6.63,13.02121876,22189525.4250523,999.9418094109909,7.949791961714689,995.3955883264828,985.9988626955169,9.06715863659774,9.528820193476397,22868090.0740648
2023-04-30,110.03083679,7.5,6.68,14.0310337,22372203.3518384,1005.9172405578998,8.258795183179377,998.8966515518497,988.041352181518,8.19165695530422,9.270608076945939,22208216.2472682
2023-05-31,109.91499051,7.5,6.53,12.4758613,22513621.9925859,1009.7864217148251,8.020744691064403,1000.7843177375338,990.2982818607768,8.110117960491825,9.164657444195258,22331600.1292568
2023-06-30,109.74253053,7.0,6.28,12.33135164,22627129.2733102,1010.3440709046653,8.517929995197179,999.9418094109909,995.3955883264828,7.949791961714689,9.06715863659774,22189525.4250523
2023-07-31,109.53713196,6.5,6.03,13.08175679,22790641.7636695,1011.6134551998465,7.870956705275765,1005.9172405578998,998.8966515518497,8.258795183179377,8.19165695530422,22372203.3518384
2023-08-31,109.356456,6.5,5.73,13.14436796,22767346.4690109,1012.2762021967106,7.777975721429481,1009.7864217148251,1000.7843177375338,8.020744691064403,8.110117960491825,22513621.9925859
2023-09-30,109.48174312,6.5,5.58,12.5034122,22983340.0539698,1013.1973471120974,7.784675014971976,1010.3440709046653,999.9418094109909,8.517929995197179,7.949791961714689,22627129.2733102
2023-10-31,109.71020555,6.25,5.46,13.25870896,23059716.1335007,1013.2484715865884,7.790724386140507,1011.6134551998465,1005.9172405578998,7.870956705275765,8.258795183179377,22790641.7636695
2023-11-30,109.45814135,6.25,5.37,11.88538507,23351621.9233742,1012.2952045552763,7.6837490822769725,1012.2762021967106,1009.7864217148251,7.777975721429481,8.020744691064403,22767346.4690109
2023-12-31,109.46875206,6.0,5.36,12.13,23312208.178714,1014.8247221758093,7.82300856754567,1013.1973471120974,1010.3440709046653,7.784675014971976,8.517929995197179,22983340.0539698
2024-01-31,109.52906635,5.75,5.24,14.28,23326711.7192843,1017.4074488822457,9.753813178912315,1013.2484715865884,1011.6134551998465,7.790724386140507,7.870956705275765,23059716.1335007
2024-02-29,109.4111146,5.75,5.04,14.32,23358743.1591336,1017.0343892003107,9.172769804294436,1012.2952045552763,1012.2762021967106,7.6837490822769725,7.777975721429481,23351621.9233742
2024-03-31,109.10052736,5.25,4.94,14.01,23281827.3277549,1016.1585782647394,9.733143301823644,1014.8247221758093,1013.1973471120974,7.82300856754567,7.784675014971976,23312208.178714
2024-04-30,109.45778192,4.75,4.82,14.07,23480448.3912868,1020.1974123848524,9.639202293128971,1017.4074488822457,1013.2484715865884,9.753813178912315,7.790724386140507,23326711.7192843
2024-05-31,109.54703269,4.75,4.59,13.18,23941332.5558773,1022.4759283259275,9.585281049679221,1017.0343892003107,1012.2952045552763,9.172769804294436,7.6837490822769725,23358743.1591336
2024-06-30,109.70548476,4.75,4.5,12.41575439,24111328.2686724,1069.4020447072267,8.913443907481916,1016.1585782647394,1014.8247221758093,9.733143301823644,7.82300856754567,23281827.3277549
2024-07-31,109.57204643,4.75,4.4,12.06,24282143.3788405,1073.4104100044342,8.840517419017353,1020.1974123848524,1017.4074488822457,9.639202293128971,9.753813178912315,23480448.3912868
2024-08-31,109.69819957,4.75,4.3,12.53,24332525.065595,1080.47062191975,8.980758458214265,1022.4759283259275,1017.0343892003107,9.585281049679221,9.172769804294436,23941332.5558773
2024-09-30,109.33301018,4.25,4.28,11.91,24460667.4260105,1083.0426331738809,8.650447148485563,1069.4020447072267,1016.1585782647394,8.913443907481916,9.733143301823644,24111328.2686724
2024-10-31,108.84745042,4.0,4.25,12.55,24533940.3681133,1093.457210980048,8.430417701350414,1073.4104100044342,1020.1974123848524,8.840517419017353,9.639202293128971,24282143.3788405
2024-11-30,109.35763409,4.0,4.17,11.49,24661842.7429238,1095.5228373823786,8.225919336336577,1080.47062191975,1022.4759283259275,8.980758458214265,9.585281049679221,24332525.065595
2024-12-31,110.39017167,4.0,4.13,10.44,24753699.6138958,1099.2937417103258,8.170309156772253,1083.0426331738809,1069.4020447072267,8.650447148485563,8.913443907481916,24460667.4260105
2025-01-31,110.78919062,4.0,4.09,12.1288531,24772170.9461067,1098.7918582122106,8.069479329195769,1093.457210980048,1073.4104100044342,8.430417701350414,8.840517419017353,24533940.3681133
2025-02-28,110.77496945,4.0,4.08,11.55,24856838.7755611,1101.5495140146525,7.834609648090829,1095.5228373823786,1080.47062191975,8.225919336336577,8.980758458214265,24661842.7429238
2025-03-31,110.4234632,4.0,4.02,11.04,24879726.9674342,1105.5132219887337,8.13267380227322,1099.2937417103258,1083.0426331738809,8.170309156772253,8.650447148485563,24753699.6138958
2025-04-30,109.86484411,4.0,3.89,11.53,25078513.7746717,1107.1855135098776,7.927781379890578,1098.7918582122106,1093.457210980048,8.069479329195769,8.430417701350414,24772170.9461067
2025-05-31,109.4204838,4.0,3.91,11.37,25238877.6568236,1107.9693364139837,8.056567436521208,1101.5495140146525,1095.5228373823786,7.834609648090829,8.225919336336577,24856838.7755611
2025-06-30,109.46943792,4.0,3.91,11.03117908,25074667.3257535,1108.1403970339372,7.722449280759531,1105.5132219887337,1099.2937417103258,8.13267380227322,8.170309156772253,24879726.9674342
2025-07-31,108.90566338,3.75,3.86,12.08,25197907.4425371,1110.2218572804009,7.855817258947208,1107.1855135098776,1098.7918582122106,7.927781379890578,8.069479329195769,25078513.7746717
2025-08-31,108.67161103,3.75,3.86,11.47,25322265.5380727,1112.4794697882494,7.925491314361271,1107.9693364139837,1101.5495140146525,8.056567436521208,7.834609648090829,25238877.6568236
2025-09-30,108.23614574,3.5,3.88,10.76,25488555.4955365,1115.853418586643,7.626657366028978,1108.1403970339372,1105.5132219887337,7.722449280759531,8.13267380227322,25074667.3257535
2025-10-31,108.43639759,3.5,3.81,11.61,25513284.2415638,1115.7158245520166,7.759985556928199,1110.2218572804009,1107.1855135098776,7.855817258947208,7.927781379890578,25197907.4425371
2025-11-30,108.9465016,3.5,3.78,11.62,25530617.8448504,1113.5394904440127,7.813947275520158,1112.4794697882494,1107.9693364139837,7.925491314361271,8.056567436521208,25322265.5380727
2025-12-31,109.0359301,3.25,3.78,10.47,25677290.5956207,1113.4213141751181,7.942711410794842,1115.853418586643,1108.1403970339372,7.626657366028978,7.722449280759531,25488555.4955365
2026-01-31,107.98540252,3.25,3.72,11.57,25642502.2010933,1115.0890491534572,7.960547828907188,1115.7158245520166,1110.2218572804009,7.759985556928199,7.855817258947208,25513284.2415638
2026-02-28,107.75056811,3.25,3.7,11.82,25184403.7222087,1117.001379000129,7.895754139507454,1113.5394904440127,1112.4794697882494,7.813947275520158,7.925491314361271,25530617.8448504
2026-03-31,108.11216613,3.25,3.65,11.49,25135520.4661799,1117.1621203838738,8.26768702400715,1113.4213141751181,1115.853418586643,7.942711410794842,7.626657366028978,25677290.5956207
2026-04-30,108.06418002,3.25,3.62,12.15,25047285.3930846,1118.939485801719,8.022652796060134,1115.0890491534572,1115.7158245520166,7.960547828907188,7.759985556928199,25642502.2010933
